0.05,0.017341,0.042459,0.049911,0.052372,0.049195,0.092274,0.056471,0.15781,0.029098,0.1381,0.13386,0.18154,0.19314,-0.024604,0.17484,0.25296,0.10775,0.40442,0.099625,-0.14326,0.20545,0.34301,0.21873,0.35385,0.39815,-0.077948,-0.35033,0.18102,0.42902,0.32422,0.12084,0.53854,0.11816,-0.38239,-0.50405,0.059231,0.44447,0.33824,0.13665,0.28873,0.32572,-0.18033,-0.84717,-0.60589,-0.12652,0.36851,0.26774,0.043565,0.010294,0.004725,-0.16176,-0.4317,-0.96054,-0.72621
0.05,0.013794,0.043807,0.047949,0.053981,0.06874,0.10291,0.063588,0.17189,0.084931,0.18942,0.18269,0.19324,0.23757,0.082855,0.29455,0.36717,0.17474,0.43111,0.24231,0.019227,0.40657,0.56719,0.40838,0.36888,0.43519,0.12396,-0.085544,0.48101,0.69574,0.60694,0.2497,0.53435,0.24826,-0.14323,-0.24514,0.49483,0.67573,0.63021,0.36932,0.26672,0.26541,-0.074262,-0.43828,-0.40222,0.50812,0.52814,0.40228,0.20889,0.064893,0.052771,-0.11574,-0.37263,-0.64522,-0.53528
0.05,-0.00045288,0.029722,0.0018549,0.018399,0.050162,0.00053689,-0.0052929,0.047134,0.091332,-0.0075105,-0.00053199,-0.024907,0.069639,0.18279,-0.0027691,-0.0079602,-0.018734,-0.085853,0.19941,0.34016,-0.016442,-0.024475,-0.012487,-0.22828,-0.063849,0.4606,0.58441,-0.05823,-0.025389,-0.017062,-0.049192,-0.42098,0.16936,0.87466,0.8322,-0.047553,-0.024661,-0.061025,-0.033387,-0.40278,-0.28828,0.51757,1.3359,1.0438,-0.034583,-0.13953,-0.0021721,0.0059451,-0.034214,0.011669,0.40095,0.76988,1.5305,1.2298
0.05,-0.011168,0.048308,-0.04116,0.060523,0.073348,-0.10934,-0.057168,0.18727,0.089413,-0.20958,-0.1812,0.20929,0.25956,0.074819,-0.3302,-0.4015,-0.15366,0.47648,0.23572,-0.006996,-0.43209,-0.61815,-0.41267,0.4005,0.46749,0.081381,-0.18444,-0.4723,-0.74182,-0.62876,-0.19854,0.58761,0.2276,-0.25975,-0.39465,-0.49638,-0.69808,-0.6393,-0.34201,0.30269,0.30695,-0.14536,-0.67025,-0.56808,-0.44705,-0.44474,-0.41685,-0.20214,-0.025235,0.049561,-0.13909,-0.46529,-0.92005,-0.76643
0.05,-0.015646,0.042045,-0.047528,0.054967,0.046161,-0.095467,-0.057813,0.15645,0.020165,-0.14182,-0.14945,0.18425,0.17211,-0.039642,-0.16856,-0.26923,-0.12047,0.40166,0.065132,-0.1595,-0.15629,-0.35865,-0.25075,0.35943,0.33584,-0.1184,-0.30837,-0.14995,-0.37398,-0.33678,-0.12232,0.51988,0.078866,-0.44105,-0.47487,-0.036108,-0.3426,-0.31672,-0.13249,0.29319,0.25584,-0.2108,-0.72109,-0.60848,0.16364,-0.31484,-0.209,-0.050925,0.012978,0.00093413,-0.1517,-0.44431,-0.91711,-0.60939
0.05,0.04049,0.040195,0.096016,0.063018,0.0021281,0.11199,0.15138,0.13702,-0.10331,0.0050314,0.31581,0.19954,-0.0017779,-0.24599,-0.27355,0.30002,0.32562,0.29636,-0.32511,-0.29141,-0.57668,0.00073763,0.5205,0.32143,-0.027659,-0.65043,-0.024064,-0.62757,-0.65651,0.3556,0.30626,0.28939,-0.37381,-0.65804,0.53506,-0.086493,-1.0147,-0.036118,0.30268,0.18295,-0.0083296,-0.56197,-0.021377,1.161,1.1054,-0.84453,-0.2548,0.098419,0.0040411,0.07346,-0.040577,-0.20633,0.73862,1.2332
0.05,0.019735,0.029055,0.049656,0.0053766,0.016699,0.072365,0.024014,0.0044745,-0.014983,0.071467,0.023663,-0.092676,-0.021727,-0.053141,0.051725,0.014596,-0.058222,-0.17384,-0.022646,-0.10771,-0.053341,-0.032582,-0.13738,-0.30846,-0.14759,0.094925,-0.14981,-0.27517,0.047919,-0.20309,-0.16937,-0.36993,0.036274,0.18955,-0.15646,-0.52817,0.036048,-0.17663,-0.22832,-0.31227,-0.15594,0.33222,0.29932,-0.09271,-0.83225,-0.031619,0.013645,-0.13804,-0.083809,-0.11384,0.1658,0.40627,0.2623,0.15839
0.05,0.0057153,0.019317,0.0095411,-0.019101,0.014733,0.0059361,-0.022978,-0.068962,0.0062045,-0.0050808,-0.10961,-0.17382,-0.1338,0.0051467,-0.016368,-0.24854,-0.13714,-0.3716,-0.14102,0.012856,-0.017002,-0.42462,-0.3664,-0.40531,-0.40172,-0.066006,0.040253,-0.013028,-0.5386,-0.56555,-0.22478,-0.52655,-0.24692,0.12627,0.041751,0.028716,-0.55608,-0.61121,-0.32072,-0.26153,-0.28822,0.034596,0.38204,0.055527,0.10072,-0.49477,-0.451,-0.14569,-0.023131,-2.2915e-07,0.037408,0.28795,0.5534,0.017956
0.05,0.00082858,0.025158,0.0018277,-0.0206,0.022378,0.00010002,0.0017761,-0.063644,0.0097346,-0.0040002,0.0011804,-0.14532,-0.14785,-0.0021775,-0.0025151,0.00035875,0.0064815,-0.25933,-0.26886,-0.034276,-0.0036421,0.0040902,-0.0020019,-0.18719,-0.32061,-0.42354,-0.06915,-0.0066734,0.019278,0.017139,0.005126,-0.097427,-0.39684,-0.61566,-0.093795,-0.01885,0.020865,0.0083419,0.0015961,0.14876,0.04541,-0.46343,-0.8069,-0.094675,0.0033833,0.017131,0.03375,-0.0097884,-0.00060838,-0.1228,-0.36151,-0.47378,-0.89357,-0.088151
0.05,-0.0056552,0.021054,-0.0089481,-0.022679,0.015912,-0.0068173,0.028389,-0.077353,0.0051482,-4.6189e-05,0.11899,-0.20105,-0.1392,0.0061731,0.0088612,0.26047,0.15843,-0.39587,-0.14991,0.0070721,0.023739,0.43389,0.39337,-0.45429,-0.40376,-0.030809,0.018055,0.01964,0.53932,0.57752,0.23765,-0.53916,-0.22894,0.15946,0.053761,-0.025633,0.5782,0.6061,0.31515,-0.29146,-0.26436,0.083853,0.39634,0.069941,-0.087054,0.4873,0.40866,0.14534,-0.001037,0.0021149,0.022509,0.32945,0.6538,-0.0054575
0.05,-0.018451,0.027663,-0.04369,0.011597,0.014219,-0.068648,-0.029092,0.0032734,-0.022256,-0.07555,-0.015209,-0.060302,-0.039336,-0.07098,-0.010261,0.021144,0.0027093,-0.16373,-0.038549,-0.11046,0.076917,0.024748,0.14925,-0.21309,-0.18179,0.039145,-0.11437,0.20835,0.098744,0.24498,0.037252,-0.3594,0.040046,0.22223,-0.17961,0.60397,-0.083943,0.15964,0.20802,-0.20919,-0.20827,0.26637,0.43632,-0.16072,1.0627,-0.31564,0.14867,0.16772,0.013696,-0.12945,0.19553,0.4522,0.22955,0.30993
0.05,-0.036324,0.043987,-0.095193,0.063538,0.0086814,-0.12281,-0.13577,0.13865,-0.10459,0.0018522,-0.33911,0.14839,0.035152,-0.27192,0.28337,-0.3735,-0.23389,0.28674,-0.32819,-0.36394,0.72469,0.00062344,-0.53827,0.15824,0.091838,-0.66991,-0.10195,0.85598,0.57681,-0.4711,-0.12312,0.28783,-0.41795,-0.77065,0.77189,-0.15566,1.3811,-0.045701,-0.27747,0.0085496,0.1428,-0.49037,-0.34915,1.658,-1.7289,1.401,0.032008,-0.1504,0.043911,0.11868,-0.10992,-0.36373,1.0272,1.1801
0.05,0.033375,0.015592,0.043484,0.049207,-0.038637,-0.013236,0.14025,0.040831,-0.084086,-0.1282,0.13225,0.18605,-0.16299,-0.046229,-0.17285,-0.079714,0.39667,0.08356,-0.22131,0.17467,0.17245,-0.33019,0.20218,0.40251,-0.37443,-0.1496,0.37347,0.56035,-0.44821,-0.095055,0.59755,0.072084,-0.30589,0.41634,-0.1246,-0.022102,0.37248,-0.29635,0.1211,0.39282,-0.34778,-0.24705,0.91299,-0.71151,-0.75728,1.0836,-0.51421,-0.010972,0.24075,0.019291,0.052599,0.2724,-0.22644,-0.12457
0.05,0.02515,0.019684,0.043454,0.0044524,-0.016238,0.0056473,0.0037995,0.011347,-0.067123,-0.081963,0.009052,-0.10245,0.024446,-0.039418,-0.095059,-0.015338,-0.18164,-0.062228,0.003528,0.059765,-0.027452,-0.0040764,-0.17539,-0.3261,0.14764,0.1356,0.15756,0.17269,0.23094,-0.040687,-0.40274,-0.15599,0.22186,0.10179,0.24689,0.52564,0.12429,0.13014,-0.2382,-0.33534,0.15175,0.37413,-0.23981,-0.080137,0.19464,-0.21536,0.44547,-0.11629,-0.1649,-0.11297,0.070303,-0.0013364,-0.075275,-0.88656
0.05,0.013795,0.014048,0.013442,-0.02637,0.00085354,0.0015498,-0.051774,-0.061601,-0.0053205,-0.0058988,-0.17347,-0.15294,-0.00029118,0.0045472,-0.0039154,-0.1971,-0.18805,-0.19419,0.17146,0.011647,0.028696,-0.023816,-0.33364,-0.20058,-0.0098639,0.33731,0.014088,0.041523,0.24712,-0.23517,-0.10808,-0.12366,0.21372,0.27762,-0.01846,0.021914,0.48157,0.0019058,-0.050391,0.0122,0.0022205,0.12673,0.026635,0.010353,0.10785,0.42274,-0.067627,0.10578,0.11014,0.097042,-0.11297,-0.060985,-0.37645,0.085778
0.05,0.007481,0.014921,0.011817,-0.028272,0.0070416,0.0092476,-0.017116,-0.048052,-0.0037287,0.00025469,-0.051687,-0.042158,-0.0489,-0.0024452,-0.0030222,-0.070448,0.034494,0.064574,-0.035804,-0.0023553,-0.00098394,-0.089485,0.1896,0.19242,0.12289,0.0061325,0.0052248,0.0023754,-0.067752,0.33777,0.2046,0.40333,0.00097786,0.054708,0.013059,0.021806,-0.039438,0.40912,0.34974,0.25957,0.19652,-0.15953,0.099755,0.0099544,0.030254,0.013154,0.37116,0.17947,0.01547,0.046495,-0.040101,-0.33749,0.13027,-0.036675
0.05,7.4258e-05,0.014687,0.0010636,-0.036401,0.0094563,0.0016223,0.0021455,-0.060919,0.0046243,-0.0024515,0.0020736,-0.036252,-0.063345,0.0073348,0.00027759,0.003135,0.010473,0.085995,-0.039905,0.0047273,0.0024229,-0.0019846,-0.0035816,0.13389,0.25936,-0.0099082,0.003139,-0.0027666,0.0040475,0.0068977,0.0027499,0.22059,0.41554,-0.0095422,0.0033177,-0.0041126,0.020408,-0.022989,0.0040867,-0.1067,0.14096,0.538,-0.018662,0.028397,0.012052,0.0055878,-0.018569,0.01138,0.0054067,0.017868,0.38277,0.54461,-0.011683,0.049127
0.05,-0.0072536,0.017404,-0.0096347,-0.031546,0.0068795,-0.0082482,0.022713,-0.054843,-0.0050577,-0.0061237,0.061708,-0.044746,-0.050761,-0.0086096,0.0076024,0.088081,-0.045001,0.071597,-0.034226,-0.0033649,0.0089822,0.085455,-0.21529,0.22564,0.10898,0.008186,0.011888,-0.021222,0.099054,-0.38187,-0.24019,0.41549,-0.01695,0.070366,0.011342,-0.027406,0.030189,-0.44478,-0.38052,0.29734,0.18676,-0.24009,0.15617,-0.0098567,0.015179,-0.10162,-0.33652,-0.1934,-0.031132,0.065719,-0.049972,-0.42691,0.14307,-0.036836
0.05,-0.011862,0.013624,-0.01063,-0.031001,-0.0013435,0.0055294,0.062681,-0.06639,-0.0070749,0.014517,0.17587,-0.17639,0.0026474,0.012818,-0.007868,0.20189,0.22879,-0.20144,0.18386,0.016473,-0.017309,0.0069375,0.33991,-0.26443,0.03375,0.38798,-0.019369,0.014953,-0.34401,0.22171,0.20046,-0.12472,0.22531,0.29302,-0.014603,-0.036112,-0.4772,-0.011893,0.042333,-0.057203,0.046036,0.2224,-0.13512,0.098435,-0.20833,-0.24493,-0.049412,-0.087771,-0.057448,0.090078,-0.11216,-0.044613,-0.43875,0.075752
0.05,-0.036895,0.027076,-0.055132,0.023912,-0.026763,-0.027581,-0.042934,0.019441,-0.099183,0.081019,-0.002427,-0.006441,-0.044127,-0.10278,0.26484,-0.011464,0.015079,-0.058693,-0.029694,0.079147,0.08722,-0.069224,0.20842,-0.081256,-0.028007,-0.064661,0.47793,-0.61429,0.20923,0.060591,0.031381,-0.18889,0.24369,0.039873,0.34025,-0.66839,-0.054879,-0.26238,0.29218,-0.035497,-0.075608,0.082537,0.47914,-0.65285,0.43343,-0.67617,0.057614,0.15368,-0.068336,-0.19294,0.12577,-0.0057299,0.010194,-1.0227
0.05,-0.041105,0.022555,-0.055977,0.043252,-0.053833,0.050197,-0.11478,0.047385,-0.12576,0.2086,-0.1554,0.084014,-0.16033,0.038953,0.03947,0.16723,-0.19689,0.086161,-0.32589,0.32674,-0.36863,0.52411,-0.28131,0.079572,-0.24039,0.18249,0.16066,-0.28844,-0.072314,0.22327,-0.13955,0.089329,-0.42778,0.79464,-0.33234,0.13262,-0.80139,0.54325,-0.22091,-0.02765,-0.11183,0.19795,0.17966,-0.40841,0.43454,-0.31504,-0.049284,0.044104,0.092822,0.12126,0.0337,0.53031,-0.55922,-0.27206
0.05,0.037732,0.014567,0.043707,0.051709,-0.053816,-0.063503,0.1443,0.055307,-0.09937,-0.18436,0.18633,0.18378,-0.19853,0.049704,-0.0084155,-0.17933,0.39193,0.16605,-0.32971,0.273,0.36326,-0.55563,0.39215,0.35587,-0.36657,0.049722,0.11719,0.2503,-0.16717,-0.18827,0.50463,0.24154,-0.58412,0.6135,-0.4366,-0.43253,0.59506,-0.57316,0.34845,0.28196,-0.234,-0.1424,0.45264,-0.40634,-0.48238,0.59685,-0.36262,0.065311,0.093313,0.17349,-0.044948,0.35083,-0.45751,0.41291
0.05,0.020227,0.0055358,0.0074107,-0.019992,-0.017988,-0.019171,-0.062392,-0.029088,-0.0061886,-0.0061341,-0.11937,-0.18004,0.12074,0.023011,0.027683,0.092345,-0.343,-0.13828,0.25702,0.003591,0.017798,0.41713,-0.3812,-0.40416,0.3657,-0.0011061,-0.043047,-0.039813,0.18942,0.19808,-0.53922,-0.21771,0.56532,-0.53235,-0.037079,-0.084984,-0.52463,0.5849,-0.31345,-0.2806,0.27415,0.099095,-0.43425,0.027482,-0.0397,-0.6226,0.32674,0.0018665,-0.055961,-0.14645,-0.0056747,-0.43524,0.44432,0.12676
0.05,0.014678,0.0072987,0.010526,-0.027876,-0.0075987,-0.0018428,-0.038821,-0.025164,-0.010592,-0.0073648,-0.052197,-0.044319,0.049664,0.0016972,0.0025351,0.033982,0.05867,0.043004,0.0785,0.0066773,0.011352,0.09893,0.20081,0.18855,-0.091021,0.011526,-0.004499,-0.017712,0.071019,0.03957,0.39327,0.20156,-0.3363,-0.084917,-0.018758,-0.033607,-0.051729,-0.39875,0.35455,0.25234,-0.17741,-0.21253,-0.12382,-0.0015396,-0.036042,-0.18331,-0.35409,0.046914,0.062752,0.17666,-0.010255,0.34996,-0.029864,0.028661
0.05,0.0088241,0.0085508,0.0057889,-0.046139,-0.00050343,0.0012025,-0.030374,-0.035614,-0.0039455,-0.0029607,-0.038002,0.016532,0.0025697,0.0030827,0.0024052,-0.012081,0.087553,0.10632,0.019775,0.00030392,0.0018092,0.0014745,0.16351,-0.008464,0.0089906,0.01567,0.004843,-0.0081383,0.02105,0.10954,-0.16191,-0.15415,-0.11434,0.0005152,0.0015176,-0.0016407,0.0055567,-0.019993,-0.47379,-0.35354,-0.019074,-0.15233,0.010267,-0.00091323,0.01024,-0.024515,-0.11586,-0.38768,-0.20554,-0.37181,0.16737,-0.097844,0.0023022,-0.0088157
0.05,0.00052033,0.0070182,0.00019388,-0.045126,0.0029758,0.0015472,0.0043294,-0.038806,-0.00083847,-0.0015275,0.00089171,0.042566,-0.013195,0.0031267,-0.0041406,-0.0025517,0.010658,0.12058,0.0010908,-0.0011721,0.0012648,-6.2609e-05,-0.0049865,-0.13783,0.083821,0.0097725,-0.0081462,0.0050227,-0.014322,-0.0057371,0.0057222,-0.37216,0.025063,-0.012271,-0.0070058,-0.0026667,0.0045607,-0.0026498,0.024971,-0.10499,-0.47629,-0.0073431,-0.03886,0.016018,-0.0079169,0.0074288,-0.0067747,0.017827,0.017852,0.39595,-0.44298,-0.02606,-0.031277,-0.0052141
0.05,-0.0083451,0.0086506,-0.004207,-0.044026,-0.0011946,0.0012783,0.033167,-0.034291,-0.0062617,0.00028756,0.037351,0.020545,0.0013263,-0.0010675,0.0095938,0.0096341,-0.10012,0.097411,0.018123,0.00086053,0.0030115,-0.011501,-0.16157,0.022968,-0.030047,0.016754,0.014762,-0.025827,0.024679,-0.10133,0.12278,-0.16425,-0.13338,0.0036054,0.005858,-6.3587e-05,-0.00042261,0.035871,0.44624,-0.33433,-0.028179,-0.16723,0.040685,-0.02357,0.051845,-0.070805,0.18322,0.38293,0.15707,-0.39683,0.15894,-0.074649,0.010327,0.020781
0.05,-0.013615,0.0083459,-0.0078724,-0.033334,-0.0082702,0.00055049,0.060491,-0.027035,-0.0098101,0.0037039,0.061804,-0.067277,0.065983,0.010921,-0.018403,-0.042636,-0.021391,0.039171,0.091584,0.0080676,0.0029632,-0.13503,-0.18907,0.12949,-0.038512,0.023575,-0.030719,0.05971,-0.15551,-0.031334,-0.32248,0.20599,-0.3292,-0.12572,-0.003393,0.010342,0.098463,0.40244,-0.36223,0.20178,-0.15454,-0.1575,-0.24721,0.067513,-0.013564,0.33548,0.29267,-0.059411,-0.022002,0.21034,-0.011379,0.37656,0.018775,-0.031235
0.05,-0.022512,0.0073348,-0.0092125,-0.010222,-0.023302,0.026647,0.039743,-0.021186,-0.026341,0.018692,0.10466,-0.12176,0.096062,0.0035665,1.8369e-05,-0.090348,0.23961,-0.11494,0.20432,0.02441,-0.067329,-0.35787,0.3225,-0.26868,0.29113,-0.10399,0.032572,-0.10965,0.046661,-0.19966,0.30711,-0.18533,0.48609,-0.50609,-0.088307,0.14973,0.52931,-0.56807,0.30003,-0.10884,0.17142,-0.070597,-0.12952,-0.14519,0.26126,0.20537,-0.074932,0.013544,-0.092781,-0.17348,0.0079112,-0.45633,0.42529,0.27436
0.05,-0.037094,0.01306,-0.038424,0.043773,-0.063805,0.10104,-0.13132,0.046424,-0.097762,0.20745,-0.17769,0.10825,-0.19511,0.13345,-0.13249,0.26609,-0.26366,0.14168,-0.35196,0.31825,-0.44918,0.62249,-0.42676,0.14032,-0.29684,0.32758,-0.12227,0.051319,-0.27177,0.28365,-0.19248,0.23731,-0.61272,0.79003,-0.54069,0.49915,-0.79287,0.72808,-0.42023,-0.013173,-0.081363,0.21199,-0.16551,-0.017557,0.12399,0.072478,-0.082848,-0.065224,0.15016,0.27507,-0.083547,0.49864,-0.61186,0.37834
0.05,0.024392,-0.0017777,-0.0050413,0.0109,-0.048139,-0.10463,0.016995,0.00042949,0.0027501,0.0073473,-0.013563,-0.069986,-0.072955,0.20512,0.37413,-0.18997,-0.13723,-0.013637,0.0036617,-0.0098786,-0.0019471,0.015999,-0.010144,-0.36291,0.12894,0.55786,-0.61725,-0.89107,0.91943,-0.17975,-0.5485,-0.0075056,0.019896,0.012053,0.0021311,-0.0059357,0.022564,0.00020384,-0.013326,-0.5912,0.39096,0.59738,-1.409,1.1355,1.2418,-1.645,0.83767,0.071245,-0.54089,0.035705,-0.03427,-0.0049606,-0.03086,-0.0041816
0.05,0.025327,-0.00038443,0.0011884,-0.01817,-0.024725,-0.019062,-0.050317,0.003574,0.00033966,-0.0033908,0.0047086,-0.12648,0.13272,0.012726,-0.0089751,0.23734,-0.18577,0.0049059,0.0049457,-0.00010101,-0.00086011,-0.020864,0.012358,-0.12362,0.26105,-0.39311,0.03768,0.040222,-0.57621,0.35579,-0.027059,0.0097385,-0.018873,0.0019394,0.0021607,0.0031997,-0.0027457,-0.015641,0.0025615,0.2027,-0.11012,-0.42122,0.77918,-0.042115,0.0028779,0.84361,-0.44234,-0.14642,0.39558,-0.0048241,0.016336,0.018694,0.0060339,0.0051215
0.05,0.016411,0.00035628,-0.00043356,-0.039419,-0.011567,-0.012453,-0.053476,0.0021827,-0.00043985,-0.0015969,0.0053181,-0.041383,0.071385,0.015702,0.01012,0.048269,0.089215,0.0032506,-0.0023175,0.00017517,0.0010943,-0.010874,-0.015661,0.117,-0.24048,-0.025467,-0.0099316,-0.010792,-0.03631,-0.40389,0.17481,-0.00061835,-8.1527e-05,0.0097485,0.0029909,0.0025174,0.014391,0.011251,-0.0081094,-0.13578,-0.073189,0.50887,0.05655,0.029691,0.055457,0.046664,0.51263,0.049136,-0.3884,-0.0025804,-0.0032766,-0.019553,4.0068e-05,-0.0030756
0.05,0.0066178,0.0005655,-0.00039039,-0.043527,-0.0023392,-0.0018855,-0.027565,0.00026907,0.00018459,-0.00078199,0.0034328,0.038835,0.019775,0.0039938,-6.0277e-05,0.010918,0.097628,0.0040274,-0.0007995,0.00061499,0.0030098,-0.0025601,-0.0065585,-0.14196,-0.064883,-0.0050625,0.001407,0.00070974,-0.013864,-0.044124,-0.30707,-0.010636,0.0097491,-0.0025509,-0.00095174,-0.0034397,0.00094832,0.0024381,0.011192,-0.011121,0.41027,0.023946,0.011048,0.0043973,0.013376,0.0077419,0.011636,0.37774,0.4531,0.012558,-0.0017913,0.0016661,0.00055888,0.0041929
0.05,0.00014085,0.00034252,0.0007839,-0.052619,-0.00035462,0.0014623,0.0019374,-0.0011028,-0.00014494,-0.00070636,-0.0011532,0.068119,0.0035201,0.0041589,0.0027518,-0.003845,-0.0012959,0.0048755,-0.0013789,-0.0015452,0.0035422,-0.0089466,0.0029071,-0.22127,-0.014408,0.0052275,0.0054715,-0.011162,0.018222,0.0073117,-0.0049938,0.0069831,-0.0055658,0.0031304,6.9037e-05,-0.0021281,0.0051021,-0.006801,-0.0071514,0.57417,0.03019,0.055393,0.027555,0.0026772,0.024534,-0.031228,0.015408,0.0035429,-0.058876,-0.007112,0.010294,0.001526,0.0063151,0.009041
0.05,-0.0077914,0.00026306,0.0011369,-0.053428,-0.0024684,0.0043434,0.044064,-0.005284,0.0037104,0.001295,0.00045485,0.022668,0.032943,0.0081379,-0.0074301,-0.016372,-0.10464,-0.010839,0.012098,0.00026248,0.0034298,-0.0024816,0.009267,-0.16009,-0.083135,0.019101,-0.011133,0.01475,-0.0093781,0.069265,0.36246,-0.0012884,0.013645,0.00062272,0.0026273,-0.0069855,0.0016808,-0.022626,-0.011494,-0.084138,0.49591,0.078884,-0.041236,0.034752,-0.019377,0.032394,-0.057392,-0.45548,-0.38373,0.023848,0.015876,0.004754,0.0042994,-0.007922
0.05,-0.01415,0.0013905,0.00083817,-0.028587,-0.012466,0.016719,0.039183,-0.0001272,-0.004396,0.0024042,-0.0081405,-0.016357,0.061116,0.0016591,0.0030154,-0.044978,-0.1276,0.0048367,-0.0066615,5.9594e-06,-0.0073402,0.023807,-0.015041,0.15771,-0.24985,-0.087604,0.026785,-0.051988,0.15963,0.38962,-0.26409,0.011321,-0.015714,0.0081636,-0.0084004,0.010944,-0.0092198,0.0035468,-0.020906,-0.0076831,-0.18428,0.45121,0.21221,-0.061272,0.045839,-0.26501,-0.43361,0.020416,0.27426,0.018357,-0.017265,-0.0080775,-0.016848,0.041225
0.05,-0.013545,-0.00046926,0.0058098,-0.028147,-0.013831,0.021225,0.090631,-0.0069248,0.0093908,-0.0057615,0.012612,-0.18287,0.16726,0.035474,-0.045401,-0.24092,0.3558,-0.022896,0.029272,-0.010248,0.032163,-0.026087,0.030507,-0.34546,0.40576,-0.26589,-0.098338,0.15902,0.31208,-0.37736,0.35176,-0.032892,0.045187,0.028544,0.011286,-0.064242,-0.022324,-0.033481,0.035872,-0.095812,0.12872,-0.25644,0.3725,0.20948,-0.2817,-0.34043,0.17154,0.11251,-0.16856,-0.02389,0.015639,0.016666,-0.023884,-0.15167
0.05,-0.048813,0.0065694,-0.0091905,0.063684,-0.082143,0.12892,-0.18822,0.021572,-0.019883,0.056428,-0.089397,0.19304,-0.25001,0.17672,-0.20588,0.29343,-0.41403,0.080539,-0.13289,0.038199,-0.028895,0.19417,-0.22068,0.32223,-0.37882,0.32809,-0.3176,0.37925,-0.24804,0.26885,-0.38672,0.13708,-0.27221,0.12464,-0.082919,0.15872,-0.021232,0.24929,-0.20511,0.13236,-0.09602,0.079387,-0.36728,0.39746,-0.41576,0.29209,0.065427,-0.14612,0.10652,0.14351,-0.063957,0.084211,-0.038279,0.36893
0.05,0.044129,-0.015325,-0.047819,0.056928,-0.067858,-0.083167,0.16934,-0.043397,0.11092,0.19196,-0.21144,0.21795,-0.2347,0.071168,0.00070471,-0.24376,0.45066,-0.16215,0.3652,-0.30119,-0.40918,0.61184,-0.43811,0.43923,-0.44445,0.039556,0.1376,0.31748,-0.1767,-0.24094,0.616,-0.26594,0.66258,-0.72715,0.4903,0.49462,-0.69446,0.64864,-0.38977,0.38201,-0.32071,-0.15561,0.56621,-0.48743,-0.60859,0.82251,-0.44689,0.048855,0.18619,-0.24669,0.087102,-0.40736,0.56458,-0.46092
0.05,0.024542,-0.0093084,-0.01563,-0.023474,-0.022581,-0.020039,-0.074886,0.031899,0.016348,0.01241,0.11376,-0.20082,0.14018,0.020347,0.020904,0.13589,-0.37756,0.12921,-0.24745,-0.015952,-0.017305,-0.43609,0.3914,-0.45243,0.41872,-0.021963,-0.028214,-0.04071,0.1287,0.25101,-0.57551,0.21777,-0.56667,0.56407,0.045006,0.084968,0.57492,-0.60378,0.3277,-0.30418,0.30588,0.055928,-0.39125,0.017724,-0.036655,-0.64934,0.33754,0.0056853,-0.068887,0.18038,-0.016653,0.45796,-0.47409,-0.11204
0.05,0.014545,-0.009085,-0.012877,-0.030165,-0.0080445,-0.0037388,-0.039285,0.026192,0.010684,0.004953,0.056657,-0.046866,0.048066,-0.00062164,0.00069593,0.037578,0.065983,-0.049464,-0.072517,-0.0086603,-0.0027616,-0.096112,-0.19552,0.18346,-0.09246,0.012197,-0.0011209,-0.0091879,0.079031,0.027034,0.38237,-0.20036,0.32709,0.088274,0.016666,0.023507,0.059966,0.36107,-0.35339,0.26422,-0.18621,-0.21359,-0.11885,-0.0014229,-0.034115,-0.16799,-0.36235,0.061693,0.081867,-0.21349,0.027012,-0.31824,0.038995,-0.01364
0.05,0.0073649,-0.0075881,-0.0067633,-0.041814,-0.00044265,0.00067581,-0.027391,0.034372,0.0038579,0.00034326,0.03921,0.015861,0.00089451,0.002994,0.00043979,-0.0069148,0.085053,-0.092647,-0.026979,0.00072855,-0.001811,-0.0075412,-0.16526,0.011779,0.018584,0.013736,0.0054359,-0.0061392,0.023163,0.10145,-0.15427,0.17052,0.11489,-0.0093682,-0.0033738,-0.0012914,-0.011932,0.0025344,0.44994,-0.35355,-0.019811,-0.14495,-0.0050469,0.0013119,0.0041761,-0.016615,-0.1101,-0.38253,-0.20876,0.37919,-0.17484,0.10178,-0.0033119,0.015694
0.05,0.00018428,-0.0078804,0.00028664,-0.049803,0.0030915,-0.0013151,0.0020879,0.03685,0.0029493,-0.0023987,-0.0019924,0.029597,-0.016838,0.0064663,0.0023055,-0.0091232,0.0050833,-0.13271,-0.0036828,0.0015861,0.0061651,-0.015343,0.0052194,-0.12491,0.085767,0.0095613,-0.004344,0.0023146,-0.012188,0.0020631,0.013951,0.32973,-0.032658,0.011032,0.0049504,-0.0013784,1.1753e-05,0.0081951,-0.015758,-0.10704,-0.45035,0.01393,-0.014839,0.0088333,0.0046724,-0.0069564,0.0090168,0.008558,-0.00024534,-0.38892,0.39515,0.0087144,0.032199,-0.0096286
0.05,-0.008001,-0.0074896,0.0056433,-0.045545,-0.00055772,0.0019231,0.027663,0.032501,0.0039436,-0.0007987,-0.047161,0.010023,0.0041976,-0.0007945,0.0077284,0.0063877,-0.11134,-0.10726,-0.024146,-0.0052514,-0.0035426,0.0072075,0.1626,0.034371,-0.0070623,0.022456,0.010397,-0.026616,0.017673,-0.11757,0.12564,0.16749,0.11127,0.00072121,-0.0014401,-0.00065553,0.025378,-0.020218,-0.44671,-0.34043,-0.028395,-0.18748,0.033423,-0.016502,0.04578,-0.051252,0.15435,0.4084,0.19297,0.39461,-0.19946,0.099193,0.005935,0.035052
0.05,-0.01303,-0.0070248,0.01287,-0.034154,-0.0076801,0.0081113,0.061979,0.027922,0.011927,-0.011534,-0.053781,-0.058252,0.059145,0.0089727,-0.015654,-0.035478,-0.0098961,-0.038025,-0.083118,-0.010655,0.021807,0.0918,0.20859,0.14047,-0.063982,0.047503,-0.026689,0.057395,-0.13787,-0.032309,-0.33366,-0.22946,0.35744,0.095422,0.02918,-0.03319,-0.054605,-0.42305,0.39348,0.21435,-0.16792,-0.15534,-0.22522,0.058109,-0.0057216,0.28219,0.32736,-0.061103,-0.060617,-0.25565,0.046269,-0.35779,0.039771,-0.057826
0.05,-0.022478,-0.0048422,0.01184,-0.010665,-0.021117,0.016778,0.036441,0.026501,0.016774,-0.0022235,-0.1272,-0.13235,0.090319,0.014993,0.023679,-0.11745,0.24229,0.13606,-0.26488,-0.0020009,0.021505,0.43443,-0.40803,-0.29075,0.3021,-0.08777,0.055792,-0.096841,0.016995,-0.22582,0.32481,0.23046,-0.59504,0.56006,0.054336,-0.05187,-0.55057,0.67208,-0.37685,-0.12799,0.19521,-0.073286,-0.15437,-0.15324,0.28238,0.26352,-0.09478,-0.024968,-0.06557,0.22662,-0.022088,0.51092,-0.43414,-0.020536
0.05,-0.035225,-0.015953,0.057405,0.037792,-0.055879,0.073205,-0.11284,-0.079227,0.12766,-0.24103,0.238,0.11304,-0.18069,0.092183,-0.089337,0.19896,-0.2326,-0.21465,0.44371,-0.33104,0.46967,-0.74492,0.55297,0.18155,-0.30072,0.1956,0.018815,-0.083171,-0.13266,0.23968,-0.23274,-0.33349,0.77797,-0.83835,0.57509,-0.58381,0.80694,-0.88263,0.52934,0.085182,-0.16218,0.12282,0.076883,-0.18006,0.28085,-0.20735,0.024264,0.016031,0.00050966,-0.3545,0.12045,-0.54417,0.64361,-0.55582
0.05,0.038201,-0.017669,-0.04849,0.050728,-0.047319,-0.020073,0.15892,-0.031618,0.094673,0.14379,-0.16346,0.20903,-0.1859,-0.030332,-0.16767,-0.12158,0.44027,-0.074825,0.26082,-0.1954,-0.23006,0.39797,-0.27768,0.43924,-0.42725,-0.12893,0.36322,0.56038,-0.43959,-0.13948,0.65714,-0.091236,0.37692,-0.53568,0.18315,0.087031,-0.52854,0.38554,-0.18358,0.40979,-0.38698,-0.21493,0.89709,-0.75178,-0.76158,1.1262,-0.53842,-0.022521,0.25338,-0.090479,-0.0037037,-0.32536,0.37953,0.1084
0.05,0.025911,-0.021394,-0.046626,-0.0013072,-0.018824,0.010639,0.0076449,0.0047006,0.073097,0.084221,-0.0064863,-0.094858,0.016201,-0.040512,-0.096216,-0.041293,-0.16006,0.094735,0.0059761,-0.063475,0.038293,-0.016251,0.19009,-0.33886,0.11714,0.16697,0.17736,0.22039,0.26804,-0.09803,-0.3934,0.21305,-0.235,-0.12005,-0.26293,-0.59432,-0.18361,-0.16512,0.28215,-0.39194,0.15007,0.43278,-0.25609,-0.11259,0.14438,-0.17743,0.48666,-0.15729,-0.24908,0.21623,-0.13445,-0.059875,0.11063,0.96953
0.05,0.011425,-0.012188,-0.014848,-0.024015,-0.0010693,-0.0048647,-0.048947,0.05975,0.0043168,0.00049365,0.15997,-0.13729,-0.0057695,3.5613e-05,-0.016814,-0.19611,-0.18033,0.18245,-0.16288,-0.0081758,-0.018528,0.037854,0.33751,-0.19829,0.0029741,0.33405,0.015353,0.026638,0.23384,-0.22181,-0.13326,0.11511,-0.22988,-0.26236,0.016897,-0.0033371,-0.45581,-0.0071917,0.073106,0.014242,0.024806,0.14913,0.057292,0.0021265,0.11393,0.43504,-0.028132,0.0737,0.096452,-0.05225,0.11165,0.066426,0.39746,-0.10434
0.05,0.0076524,-0.015447,-0.011586,-0.031707,0.0067965,0.0072881,-0.018553,0.056579,0.0076418,-0.0038562,0.059961,-0.050068,-0.05037,0.0018494,0.00018735,-0.07405,0.034179,-0.062187,0.032595,0.008626,0.0051911,0.10125,-0.17312,0.18448,0.11035,0.0047222,0.0098171,-3.7492e-05,-0.068323,0.33775,0.1983,-0.39748,-0.016928,-0.073324,-0.0075085,-0.031052,0.051469,-0.4145,-0.35168,0.26038,0.20043,-0.16111,0.10886,0.0081103,0.031373,0.01411,0.3727,0.19121,0.031479,-0.062114,0.066963,0.35288,-0.15092,0.053552
0.05,-0.00040672,-0.021259,-0.00061962,-0.050217,0.01433,-0.0019704,0.0012556,0.070574,-0.0088288,-0.0010833,-0.0031735,-0.071667,-0.085822,0.01388,0.00061626,-0.0039225,0.0060137,-0.097778,0.051417,-0.0063259,0.0037856,-0.021649,0.0076751,0.12546,0.27029,-0.026011,0.0037453,0.0038107,-0.0023313,-0.0078137,0.0038457,-0.24126,-0.44839,0.029559,-0.0055483,0.0088453,-0.012108,0.017226,0.0013425,-0.11203,0.17349,0.59634,-0.040779,0.025399,0.023993,-0.00091001,-0.026046,0.021519,0.0016123,0.0030879,-0.43149,-0.61122,0.052567,-0.059469
0.05,-0.0082294,-0.017203,0.012826,-0.033723,0.0074554,-0.0067288,0.027039,0.057794,0.0043089,0.0020165,-0.061199,-0.049492,-0.054539,-0.0041596,0.015948,0.094522,-0.025953,-0.045544,0.034046,0.0040794,0.0066785,-0.098479,0.18557,0.20591,0.11031,0.018976,0.0061679,-0.019585,0.11353,-0.3466,-0.24094,-0.41054,0.013384,-0.067238,-0.022517,0.01045,-0.027647,0.41695,0.38012,0.30014,0.20155,-0.21848,0.13994,-0.015954,3.7583e-05,-0.077909,-0.32505,-0.23708,-0.054548,-0.062513,0.10324,0.41668,-0.14919,0.056939
0.05,-0.011601,-0.014144,0.015895,-0.027641,0.00064615,-0.0075327,0.05736,0.052917,0.017971,-0.013102,-0.16459,-0.16698,-0.00088085,0.014764,0.00077528,0.19613,0.21294,0.17098,-0.15957,-0.010833,0.0090996,-0.040911,-0.34001,-0.25603,0.035507,0.35665,-0.010577,-0.013243,-0.31435,0.2259,0.18151,0.095033,-0.20815,-0.29252,0.037096,0.0075962,0.48119,-0.021,-0.059745,-0.034872,0.043211,0.2255,-0.072276,0.087158,-0.1609,-0.33941,-0.031357,-0.065536,-0.067959,-0.070918,0.11577,0.032853,0.43372,-0.10288
0.05,-0.028478,-0.017061,0.043248,0.013801,-0.020256,-0.010623,-0.037781,-0.0013565,0.069331,-0.074938,-0.026869,-0.031249,-0.035409,-0.058791,0.14915,0.05314,0.045735,0.1121,-0.053976,-0.073344,-0.043557,0.018025,-0.2581,-0.14239,0.0064124,0.10555,0.2881,-0.41668,-0.070628,0.12846,0.17569,0.26005,-0.31518,-0.16758,-0.2729,0.62625,0.24556,0.18933,-0.35758,-0.1833,0.032804,0.26099,0.10316,-0.39766,0.084276,-0.32915,-0.20442,0.15422,0.14095,0.25121,-0.19476,-0.099797,0.12852,1.0682
0.05,-0.025753,-0.019214,0.05648,0.024546,-0.031726,0.019569,-0.072105,-0.06892,0.11026,-0.18133,0.19562,0.0553,-0.10826,-0.00013953,0.036949,0.088432,-0.11801,-0.14972,0.33029,-0.20884,0.22538,-0.51941,0.38486,0.049524,-0.18509,0.073154,0.17888,-0.22504,-0.0088304,0.14496,-0.079622,-0.18428,0.50723,-0.56305,0.21727,-0.175,0.49856,-0.57601,0.29963,-0.038328,-0.12047,0.14219,0.23771,-0.23318,0.26718,-0.26059,-0.050474,0.086987,0.036329,-0.18484,0.016997,-0.39363,0.36846,-0.099992
0.05,0.030944,-0.03745,-0.083247,0.045547,-0.0047464,0.094121,0.1228,-0.13374,0.081195,-0.0029299,-0.28555,0.17606,0.016027,-0.2306,-0.25841,0.28776,0.25866,-0.29973,0.30097,0.24791,0.55564,-0.031192,-0.5103,0.32253,0.023243,-0.61422,0.030184,-0.55335,-0.68205,0.38793,0.29757,-0.34982,0.40794,0.62495,-0.53832,0.025681,1.0784,0.026111,-0.36078,0.2558,-0.015264,-0.62342,0.074448,1.1018,1.1117,-0.81173,-0.34565,0.20458,0.15037,-0.24862,0.13218,0.30753,-0.82982,-1.07
0.05,0.022895,-0.037644,-0.062432,-0.0026007,0.019872,0.083311,0.027085,0.011982,0.02569,-0.096189,-0.024783,-0.11659,-0.021817,-0.056171,0.078654,0.02092,-0.05126,0.26198,0.065276,0.13625,0.087605,0.02951,0.17077,-0.40992,-0.20355,0.096565,-0.21806,-0.34967,0.094802,-0.22899,-0.18458,0.54313,0.0052674,-0.25181,0.14406,0.64012,-0.055577,0.17677,0.26399,-0.47104,-0.23841,0.40347,0.28928,-0.039062,-1.0119,-0.068975,0.045354,-0.17013,-0.1536,0.15435,-0.32199,-0.55305,-0.33115,-0.25682
0.05,0.0063761,-0.023117,-0.014637,-0.024479,0.01674,0.012335,-0.023199,0.079597,-0.0087849,0.0020396,0.11513,-0.19814,-0.14415,0.0016791,-0.015014,-0.26678,-0.14959,0.41198,0.14944,-0.016602,0.0050993,0.44848,0.396,-0.46842,-0.45173,-0.07811,0.032507,-0.030428,-0.60101,-0.62657,-0.24268,0.59331,0.26973,-0.14013,-0.028975,-0.0087723,0.62576,0.69546,0.33796,-0.31334,-0.34344,0.031621,0.43703,0.062212,0.084899,-0.54757,-0.52501,-0.16743,-0.029425,-0.041178,-0.081307,-0.33355,-0.63215,0.027551
0.05,0.00057946,-0.023675,-0.0015976,-0.019706,0.021361,-0.00076822,0.0064244,0.055546,-0.014168,-0.010959,-0.0051409,-0.13087,-0.1329,0.00032489,-0.0023545,0.0022747,0.010267,0.24064,0.24969,0.038582,0.011485,-0.022335,-0.0080892,-0.18031,-0.30013,-0.37779,-0.045813,0.027432,0.020931,0.010403,0.0067999,0.072416,0.39106,0.59403,0.091206,-0.0079334,0.0064883,-0.026548,0.0082698,0.16322,0.053379,-0.44483,-0.75915,-0.10415,0.0164,0.0098506,0.02435,-0.012214,0.0068155,0.15028,0.41484,0.49121,0.85463,0.059418
0.05,-0.0079891,-0.024629,0.014201,-0.022664,0.019329,-0.027669,0.014978,0.067735,-0.0030365,-0.0030526,-0.11244,-0.21054,-0.139,0.018642,0.022749,0.24875,0.12443,0.40118,0.18034,0.007702,-0.016094,-0.4415,-0.41295,-0.4954,-0.45783,-0.067652,0.01674,-0.012493,0.62422,0.61167,0.22044,0.59161,0.29472,-0.11887,-0.057695,0.0081658,-0.62554,-0.69192,-0.37329,-0.33424,-0.34568,0.039571,0.40688,0.054034,-0.045276,0.47733,0.53368,0.21199,0.0027212,-0.034754,-0.07664,-0.31811,-0.62673,0.025997
0.05,-0.01593,-0.024866,0.039022,0.0018751,0.014578,-0.070359,-0.024285,0.0031565,0.019621,0.064146,0.0074568,-0.096659,-0.040145,-0.041367,-0.036142,0.013942,0.043529,0.20881,0.037641,0.089866,-0.068431,-0.044511,-0.17858,-0.33631,-0.20609,0.1038,-0.124,0.23806,0.023199,0.24603,0.16255,0.48337,-0.031207,-0.28121,0.11382,-0.51903,0.037384,-0.20482,-0.28222,-0.41245,-0.23124,0.37214,0.37095,-0.025793,0.83345,-0.035796,0.011088,0.21973,0.11272,0.11772,-0.33289,-0.53923,-0.35064,-0.28766
0.05,-0.038755,-0.04068,0.10219,0.064225,0.0040946,-0.12396,-0.1531,-0.15005,0.11832,0.0051324,0.38044,0.21561,0.0020486,-0.29132,0.32675,-0.36791,-0.34996,-0.31663,0.37635,0.31187,-0.66506,0.00092646,0.65298,0.35972,-0.028437,-0.83137,0.015305,0.66466,0.92081,-0.47955,-0.42717,-0.35907,0.50786,0.83559,-0.70166,-0.023164,-1.3443,0.013857,0.45494,0.2904,-0.048029,-0.77682,0.08874,1.265,-1.1453,0.92181,0.5146,-0.24963,-0.24854,-0.24278,0.2116,0.4694,-1.0623,-1.2471
0.05,0.018048,-0.04152,-0.056034,0.041693,0.04047,0.098386,0.060676,-0.1439,-0.017856,-0.13338,-0.12901,0.17364,0.17193,-0.051762,0.16035,0.23951,0.10241,-0.37082,-0.087097,0.17981,-0.14462,-0.29669,-0.17889,0.35673,0.3821,-0.090343,-0.38019,0.093227,0.3766,0.25005,0.070608,-0.52846,-0.14084,0.45317,0.54056,0.052773,-0.35952,-0.26072,-0.053589,0.32565,0.3531,-0.12768,-0.82097,-0.70217,-0.24605,0.29341,0.26487,-0.024004,-0.033758,0.11409,0.25392,0.44107,1.0163,0.67342
0.05,0.0098183,-0.041895,-0.039307,0.048299,0.063729,0.086796,0.061428,-0.18753,-0.094723,-0.19087,-0.17629,0.20799,0.23793,0.078885,0.26985,0.35714,0.17721,-0.49874,-0.26206,-0.037304,-0.40979,-0.60298,-0.42036,0.43729,0.48226,0.11997,-0.053469,0.51609,0.68863,0.62374,0.25959,-0.64855,-0.27099,0.18122,0.27634,-0.56858,-0.68744,-0.69509,-0.36887,0.35869,0.34467,-0.094121,-0.44561,-0.40689,0.59011,0.58476,0.42981,0.22098,0.091672,-0.02181,0.21498,0.43286,0.76534,0.56927
0.05,-0.00079044,-0.040438,-0.0029893,0.017654,0.061588,-0.025819,-0.018184,-0.07157,-0.10717,-0.015201,-0.01433,-0.041576,0.10304,0.22384,0.0034013,-0.038182,-0.04115,0.072724,-0.20522,-0.33332,0.024984,-0.0070589,-0.027184,-0.31156,-0.081067,0.54431,0.60357,-0.064739,0.068793,-0.013972,-0.03916,0.53236,-0.16537,-0.96114,-0.93278,0.059769,-0.025624,-0.012975,-0.037336,-0.59136,-0.41133,0.56558,1.4154,1.1355,-0.084302,-0.088464,0.035345,0.055287,-0.039408,-0.13362,-0.66281,-0.87327,-1.7344,-1.2555
0.05,-0.010951,-0.046745,0.038527,0.050697,0.07237,-0.10291,-0.052345,-0.18555,-0.085956,0.19833,0.18218,0.20901,0.27456,0.093726,-0.2993,-0.37267,-0.14842,-0.47836,-0.25826,-0.041637,0.43273,0.62859,0.44308,0.43409,0.53143,0.14873,-0.12865,-0.49842,-0.80667,-0.64611,-0.2291,-0.6295,-0.28048,0.14284,0.33082,0.50979,0.79471,0.72791,0.41025,0.36533,0.37729,-0.059451,-0.54342,-0.49835,-0.40692,-0.59355,-0.4933,-0.26787,-0.055907,0.0046821,0.21733,0.39822,0.85573,0.62079
0.05,-0.016968,-0.036842,0.050334,0.051816,0.043414,-0.091752,-0.055093,-0.16605,-0.019554,0.14999,0.16942,0.23043,0.19757,-0.056842,-0.16459,-0.25733,-0.10842,-0.46955,-0.10654,0.1623,0.14919,0.37946,0.29935,0.51269,0.46038,-0.16907,-0.36492,-0.083912,-0.44399,-0.3543,-0.11443,-0.70267,-0.15561,0.55609,0.55342,0.031675,0.40582,0.38516,0.19243,0.48868,0.43562,-0.28256,-0.91778,-0.6673,0.14306,-0.24537,-0.28703,-0.10862,0.031861,0.074525,0.35279,0.60794,1.1583,0.74248
